{
  "file": "C:\\Users\\NuuNuu\\Desktop\\Yeah I code\\IDS\\data\\normalized\\Friday-WorkingHours-Afternoon-DDos.pcap_ISCX.normalized.csv",
  "trained": true,
  "model_path": "C:\\Users\\NuuNuu\\Desktop\\Yeah I code\\IDS\\models\\rf_meta_Friday-WorkingHours-Afternoon-DDos.pcap_ISCX.normalized.pkl",
  "metrics": {
    "0": {
      "precision": 0.9986504171437919,
      "recall": 0.9995497339336881,
      "f1-score": 0.9990998731639459,
      "support": 24430.0
    },
    "1": {
      "precision": 0.999656088791621,
      "recall": 0.9989689755366014,
      "f1-score": 0.9993124140517564,
      "support": 32007.0
    },
    "accuracy": 0.9992203696156776,
    "macro avg": {
      "precision": 0.9991532529677065,
      "recall": 0.9992593547351447,
      "f1-score": 0.9992061436078512,
      "support": 56437.0
    },
    "weighted avg": {
      "precision": 0.9992207616417643,
      "recall": 0.9992203696156776,
      "f1-score": 0.9992204110415112,
      "support": 56437.0
    }
  }
}