{
  "file": "C:\\Users\\NuuNuu\\Desktop\\Yeah I code\\IDS\\data\\normalized\\Friday-WorkingHours-Afternoon-PortScan.pcap_ISCX.normalized.csv",
  "trained": true,
  "model_path": "C:\\Users\\NuuNuu\\Desktop\\Yeah I code\\IDS\\models\\rf_meta_Friday-WorkingHours-Afternoon-PortScan.pcap_ISCX.normalized.pkl",
  "metrics": {
    "0": {
      "precision": 0.9930824395506759,
      "recall": 0.9815581482875423,
      "f1-score": 0.9872866651944856,
      "support": 31884.0
    },
    "1": {
      "precision": 0.9853377552801537,
      "recall": 0.9945133767900738,
      "f1-score": 0.9899043038228368,
      "support": 39733.0
    },
    "accuracy": 0.9887456888727537,
    "macro avg": {
      "precision": 0.9892100974154148,
      "recall": 0.9880357625388081,
      "f1-score": 0.9885954845086612,
      "support": 71617.0
    },
    "weighted avg": {
      "precision": 0.9887857007858483,
      "recall": 0.9887456888727537,
      "f1-score": 0.9887389270264568,
      "support": 71617.0
    }
  }
}