{
  "file": "C:\\Users\\NuuNuu\\Desktop\\Yeah I code\\IDS\\data\\normalized\\Friday-WorkingHours-Morning.pcap_ISCX.normalized.csv",
  "trained": true,
  "model_path": "C:\\Users\\NuuNuu\\Desktop\\Yeah I code\\IDS\\models\\rf_meta_Friday-WorkingHours-Morning.pcap_ISCX.normalized.pkl",
  "metrics": {
    "0": {
      "precision": 0.9999129829446571,
      "recall": 0.9724331986375272,
      "f1-score": 0.9859816592481364,
      "support": 47267.0
    },
    "1": {
      "precision": 0.27247347850362924,
      "recall": 0.991869918699187,
      "f1-score": 0.4275076653526062,
      "support": 492.0
    },
    "accuracy": 0.9726334303482066,
    "macro avg": {
      "precision": 0.6361932307241431,
      "recall": 0.9821515586683571,
      "f1-score": 0.7067446623003713,
      "support": 47759.0
    },
    "weighted avg": {
      "precision": 0.992419102499401,
      "recall": 0.9726334303482066,
      "f1-score": 0.9802284147288501,
      "support": 47759.0
    }
  }
}