{
  "file": "C:\\Users\\NuuNuu\\Desktop\\Yeah I code\\IDS\\data\\normalized\\Thursday-WorkingHours-Afternoon-Infilteration.pcap_ISCX.normalized.csv",
  "trained": true,
  "model_path": "C:\\Users\\NuuNuu\\Desktop\\Yeah I code\\IDS\\models\\rf_meta_Thursday-WorkingHours-Afternoon-Infilteration.pcap_ISCX.normalized.pkl",
  "metrics": {
    "0": {
      "precision": 0.9999584170767205,
      "recall": 1.0,
      "f1-score": 0.9999792081060663,
      "support": 72142.0
    },
    "1": {
      "precision": 1.0,
      "recall": 0.6666666666666666,
      "f1-score": 0.8,
      "support": 9.0
    },
    "accuracy": 0.999958420534712,
    "macro avg": {
      "precision": 0.9999792085383603,
      "recall": 0.8333333333333333,
      "f1-score": 0.8999896040530332,
      "support": 72151.0
    },
    "weighted avg": {
      "precision": 0.9999584222637076,
      "recall": 0.999958420534712,
      "f1-score": 0.999954263020441,
      "support": 72151.0
    }
  }
}