{
  "file": "C:\\Users\\NuuNuu\\Desktop\\Yeah I code\\IDS\\data\\normalized\\Thursday-WorkingHours-Morning-WebAttacks.pcap_ISCX.normalized.csv",
  "trained": true,
  "model_path": "C:\\Users\\NuuNuu\\Desktop\\Yeah I code\\IDS\\models\\rf_meta_Thursday-WorkingHours-Morning-WebAttacks.pcap_ISCX.normalized.pkl",
  "metrics": {
    "0": {
      "precision": 0.9997371565113501,
      "recall": 0.9950531548029586,
      "f1-score": 0.9973896563643515,
      "support": 42047.0
    },
    "1": {
      "precision": 0.6981132075471698,
      "recall": 0.9814323607427056,
      "f1-score": 0.8158765159867696,
      "support": 377.0
    },
    "2": {
      "precision": 0.5,
      "recall": 0.8,
      "f1-score": 0.6153846153846154,
      "support": 5.0
    },
    "3": {
      "precision": 0.7843137254901961,
      "recall": 0.9815950920245399,
      "f1-score": 0.8719346049046321,
      "support": 163.0
    },
    "accuracy": 0.9948581893313299,
    "macro avg": {
      "precision": 0.745541022387179,
      "recall": 0.939520151892551,
      "f1-score": 0.8251463481600921,
      "support": 42592.0
    },
    "weighted avg": {
      "precision": 0.996184260807967,
      "recall": 0.9948581893313299,
      "f1-score": 0.9952580435611214,
      "support": 42592.0
    }
  }
}