{
  "results": [
    {
      "file": "C:\\Users\\NuuNuu\\Desktop\\Yeah I code\\IDS\\data\\normalized\\flows.normalized.csv",
      "error": "The least populated class in y has only 1 member, which is too few. The minimum number of groups for any class cannot be less than 2."
    },
    {
      "file": "C:\\Users\\NuuNuu\\Desktop\\Yeah I code\\IDS\\data\\normalized\\Friday-WorkingHours-Afternoon-DDos.pcap_ISCX.normalized.csv",
      "trained": true,
      "model_path": "C:\\Users\\NuuNuu\\Desktop\\Yeah I code\\IDS\\models\\rf_meta_Friday-WorkingHours-Afternoon-DDos.pcap_ISCX.normalized.pkl",
      "metrics": {
        "0": {
          "precision": 0.9986504171437919,
          "recall": 0.9995497339336881,
          "f1-score": 0.9990998731639459,
          "support": 24430.0
        },
        "1": {
          "precision": 0.999656088791621,
          "recall": 0.9989689755366014,
          "f1-score": 0.9993124140517564,
          "support": 32007.0
        },
        "accuracy": 0.9992203696156776,
        "macro avg": {
          "precision": 0.9991532529677065,
          "recall": 0.9992593547351447,
          "f1-score": 0.9992061436078512,
          "support": 56437.0
        },
        "weighted avg": {
          "precision": 0.9992207616417643,
          "recall": 0.9992203696156776,
          "f1-score": 0.9992204110415112,
          "support": 56437.0
        }
      }
    },
    {
      "file": "C:\\Users\\NuuNuu\\Desktop\\Yeah I code\\IDS\\data\\normalized\\Friday-WorkingHours-Afternoon-PortScan.pcap_ISCX.normalized.csv",
      "trained": true,
      "model_path": "C:\\Users\\NuuNuu\\Desktop\\Yeah I code\\IDS\\models\\rf_meta_Friday-WorkingHours-Afternoon-PortScan.pcap_ISCX.normalized.pkl",
      "metrics": {
        "0": {
          "precision": 0.9930824395506759,
          "recall": 0.9815581482875423,
          "f1-score": 0.9872866651944856,
          "support": 31884.0
        },
        "1": {
          "precision": 0.9853377552801537,
          "recall": 0.9945133767900738,
          "f1-score": 0.9899043038228368,
          "support": 39733.0
        },
        "accuracy": 0.9887456888727537,
        "macro avg": {
          "precision": 0.9892100974154148,
          "recall": 0.9880357625388081,
          "f1-score": 0.9885954845086612,
          "support": 71617.0
        },
        "weighted avg": {
          "precision": 0.9887857007858483,
          "recall": 0.9887456888727537,
          "f1-score": 0.9887389270264568,
          "support": 71617.0
        }
      }
    },
    {
      "file": "C:\\Users\\NuuNuu\\Desktop\\Yeah I code\\IDS\\data\\normalized\\Friday-WorkingHours-Morning.pcap_ISCX.normalized.csv",
      "trained": true,
      "model_path": "C:\\Users\\NuuNuu\\Desktop\\Yeah I code\\IDS\\models\\rf_meta_Friday-WorkingHours-Morning.pcap_ISCX.normalized.pkl",
      "metrics": {
        "0": {
          "precision": 0.9999129829446571,
          "recall": 0.9724331986375272,
          "f1-score": 0.9859816592481364,
          "support": 47267.0
        },
        "1": {
          "precision": 0.27247347850362924,
          "recall": 0.991869918699187,
          "f1-score": 0.4275076653526062,
          "support": 492.0
        },
        "accuracy": 0.9726334303482066,
        "macro avg": {
          "precision": 0.6361932307241431,
          "recall": 0.9821515586683571,
          "f1-score": 0.7067446623003713,
          "support": 47759.0
        },
        "weighted avg": {
          "precision": 0.992419102499401,
          "recall": 0.9726334303482066,
          "f1-score": 0.9802284147288501,
          "support": 47759.0
        }
      }
    },
    {
      "file": "C:\\Users\\NuuNuu\\Desktop\\Yeah I code\\IDS\\data\\normalized\\Monday-WorkingHours.pcap_ISCX.normalized.csv",
      "trained": false,
      "error": "single-class"
    },
    {
      "file": "C:\\Users\\NuuNuu\\Desktop\\Yeah I code\\IDS\\data\\normalized\\RT_IOT2022.normalized.csv",
      "trained": false,
      "error": "no label column"
    },
    {
      "file": "C:\\Users\\NuuNuu\\Desktop\\Yeah I code\\IDS\\data\\normalized\\Thursday-WorkingHours-Afternoon-Infilteration.pcap_ISCX.normalized.csv",
      "trained": true,
      "model_path": "C:\\Users\\NuuNuu\\Desktop\\Yeah I code\\IDS\\models\\rf_meta_Thursday-WorkingHours-Afternoon-Infilteration.pcap_ISCX.normalized.pkl",
      "metrics": {
        "0": {
          "precision": 0.9999584170767205,
          "recall": 1.0,
          "f1-score": 0.9999792081060663,
          "support": 72142.0
        },
        "1": {
          "precision": 1.0,
          "recall": 0.6666666666666666,
          "f1-score": 0.8,
          "support": 9.0
        },
        "accuracy": 0.999958420534712,
        "macro avg": {
          "precision": 0.9999792085383603,
          "recall": 0.8333333333333333,
          "f1-score": 0.8999896040530332,
          "support": 72151.0
        },
        "weighted avg": {
          "precision": 0.9999584222637076,
          "recall": 0.999958420534712,
          "f1-score": 0.999954263020441,
          "support": 72151.0
        }
      }
    },
    {
      "file": "C:\\Users\\NuuNuu\\Desktop\\Yeah I code\\IDS\\data\\normalized\\Thursday-WorkingHours-Morning-WebAttacks.pcap_ISCX.normalized.csv",
      "trained": true,
      "model_path": "C:\\Users\\NuuNuu\\Desktop\\Yeah I code\\IDS\\models\\rf_meta_Thursday-WorkingHours-Morning-WebAttacks.pcap_ISCX.normalized.pkl",
      "metrics": {
        "0": {
          "precision": 0.9997371565113501,
          "recall": 0.9950531548029586,
          "f1-score": 0.9973896563643515,
          "support": 42047.0
        },
        "1": {
          "precision": 0.6981132075471698,
          "recall": 0.9814323607427056,
          "f1-score": 0.8158765159867696,
          "support": 377.0
        },
        "2": {
          "precision": 0.5,
          "recall": 0.8,
          "f1-score": 0.6153846153846154,
          "support": 5.0
        },
        "3": {
          "precision": 0.7843137254901961,
          "recall": 0.9815950920245399,
          "f1-score": 0.8719346049046321,
          "support": 163.0
        },
        "accuracy": 0.9948581893313299,
        "macro avg": {
          "precision": 0.745541022387179,
          "recall": 0.939520151892551,
          "f1-score": 0.8251463481600921,
          "support": 42592.0
        },
        "weighted avg": {
          "precision": 0.996184260807967,
          "recall": 0.9948581893313299,
          "f1-score": 0.9952580435611214,
          "support": 42592.0
        }
      }
    },
    {
      "file": "C:\\Users\\NuuNuu\\Desktop\\Yeah I code\\IDS\\data\\normalized\\Tuesday-WorkingHours.pcap_ISCX.normalized.csv",
      "trained": true,
      "model_path": "C:\\Users\\NuuNuu\\Desktop\\Yeah I code\\IDS\\models\\rf_meta_Tuesday-WorkingHours.pcap_ISCX.normalized.pkl",
      "metrics": {
        "0": {
          "precision": 0.99982149232417,
          "recall": 1.0,
          "f1-score": 0.9999107381951263,
          "support": 11202.0
        },
        "1": {
          "precision": 1.0,
          "recall": 0.9984591679506933,
          "f1-score": 0.9992289899768697,
          "support": 1298.0
        },
        "accuracy": 0.99984,
        "macro avg": {
          "precision": 0.999910746162085,
          "recall": 0.9992295839753467,
          "f1-score": 0.999569864085998,
          "support": 12500.0
        },
        "weighted avg": {
          "precision": 0.9998400285612281,
          "recall": 0.99984,
          "f1-score": 0.9998399454601424,
          "support": 12500.0
        }
      }
    },
    {
      "file": "C:\\Users\\NuuNuu\\Desktop\\Yeah I code\\IDS\\data\\normalized\\Wednesday-workingHours.pcap_ISCX.normalized.csv",
      "trained": true,
      "model_path": "C:\\Users\\NuuNuu\\Desktop\\Yeah I code\\IDS\\models\\rf_meta_Wednesday-workingHours.pcap_ISCX.normalized.pkl",
      "metrics": {
        "0": {
          "precision": 0.9996582948915086,