{
  "file": "C:\\Users\\NuuNuu\\Desktop\\Yeah I code\\IDS\\data\\normalized\\Tuesday-WorkingHours.pcap_ISCX.normalized.csv",
  "trained": true,
  "model_path": "C:\\Users\\NuuNuu\\Desktop\\Yeah I code\\IDS\\models\\rf_meta_Tuesday-WorkingHours.pcap_ISCX.normalized.pkl",
  "metrics": {
    "0": {
      "precision": 0.99982149232417,
      "recall": 1.0,
      "f1-score": 0.9999107381951263,
      "support": 11202.0
    },
    "1": {
      "precision": 1.0,
      "recall": 0.9984591679506933,
      "f1-score": 0.9992289899768697,
      "support": 1298.0
    },
    "accuracy": 0.99984,
    "macro avg": {
      "precision": 0.999910746162085,
      "recall": 0.9992295839753467,
      "f1-score": 0.999569864085998,
      "support": 12500.0
    },
    "weighted avg": {
      "precision": 0.9998400285612281,
      "recall": 0.99984,
      "f1-score": 0.9998399454601424,
      "support": 12500.0
    }
  }
}